0,1,1,0.8,1.333333333
0.001,0.999996442,1.000000936,0.799999813,1.33365416
0.002,0.999986809,1.000003397,0.79999925,1.333326905
0.003,0.999971689,1.000007187,0.799998312,1.333327468
0.004,0.999951395,1.000012202,0.799997,1.333330529
0.005,0.999926146,1.000018368,0.799995313,1.333330824
0.006,0.999896111,1.00002563,0.79999325,1.333330976
0.007,0.999861428,1.000033941,0.799990813,1.333330302
0.008,0.999822213,1.000043263,0.799988,1.333329423
0.009,0.999778566,1.000053563,0.799984813,1.333328358
0.01,0.999730575,1.00006481,0.799981251,1.333327095
0.011,0.99967832,1.00007698,0.799977314,1.333325749
0.012,0.999621873,1.000090047,0.799973002,1.333324328
0.013,0.999561298,1.00010399,0.799968315,1.333322785
0.014,0.999496655,1.00011879,0.799963254,1.333321071
0.015,0.999428001,1.000134427,0.799957818,1.333319252
0.016,0.999355387,1.000150884,0.799952006,1.333317317
0.017,0.999278861,1.000168146,0.799945821,1.333315262
0.018,0.999198468,1.000186198,0.79993926,1.333313072
0.019,0.999114253,1.000205024,0.799932325,1.33331076
0.02,0.999026255,1.000224612,0.799925015,1.333308322
0.021,0.998934512,1.000244949,0.79991733,1.333305753
0.022,0.998839061,1.000266023,0.799909271,1.333303063
0.023,0.998739937,1.000287823,0.799900838,1.333300251
0.024,0.998637174,1.000310336,0.79989203,1.333297309
0.025,0.998530802,1.000333553,0.799882847,1.333294243
0.026,0.998420854,1.000357464,0.79987329,1.33329105
0.027,0.998307357,1.000382058,0.799863359,1.333287734
0.028,0.998190341,1.000407328,0.799853053,1.33328429
0.029,0.998069832,1.000433262,0.799842373,1.333280723
0.03,0.997945856,1.000459854,0.799831318,1.333277027
0.031,0.99781844,1.000487094,0.799819889,1.333273209
0.032,0.997687608,1.000514975,0.799808087,1.333269263
0.033,0.997553382,1.000543488,0.79979591,1.333265192
0.034,0.997415787,1.000572626,0.799783358,1.333260995
0.035,0.997274845,1.000602382,0.799770433,1.333256673
0.036,0.997130577,1.000632749,0.799757134,1.333252225
0.037,0.996983004,1.000663719,0.799743461,1.333247652
0.038,0.996832147,1.000695287,0.799729414,1.333242952
0.039,0.996678026,1.000727444,0.799714993,1.333238126
0.04,0.99652066,1.000760186,0.799700198,1.333233175
0.041,0.996360068,1.000793506,0.79968503,1.333228098
0.042,0.996196268,1.000827397,0.799669487,1.333222894
0.043,0.996029279,1.000861855,0.799653571,1.333217565
0.044,0.995859118,1.000896872,0.799637282,1.333212109
0.045,0.995685801,1.000932445,0.799620619,1.333206528
0.046,0.995509347,1.000968566,0.799603582,1.333200821
0.047,0.995329771,1.001005231,0.799586172,1.333194987
0.048,0.995147089,1.001042435,0.799568388,1.333189027
0.049,0.994961317,1.001080172,0.799550232,1.333182941
0.05,0.99477247,1.001118437,0.799531701,1.333176729
0.051,0.994580564,1.001157226,0.799512798,1.33317039
0.052,0.994385612,1.001196534,0.799493521,1.333163925
0.053,0.994187631,1.001236355,0.799473872,1.333157334
0.054,0.993986633,1.001276687,0.799453849,1.333150616
0.055,0.993782632,1.001317523,0.799433453,1.333143771
0.056,0.993575643,1.001358859,0.799412684,1.333136801
0.057,0.993365679,1.001400692,0.799391543,1.333129703
0.058,0.993152752,1.001443017,0.799370028,1.333122479
0.059,0.992936876,1.001485829,0.799348141,1.333115129
0.06,0.992718064,1.001529125,0.799325881,1.333107652
0.061,0.992496327,1.0015729,0.799303249,1.333100048
0.062,0.992271679,1.001617151,0.799280244,1.333092317
0.063,0.992044131,1.001661874,0.799256866,1.33308446
0.064,0.991813695,1.001707065,0.799233116,1.333076476
0.065,0.991580383,1.00175272,0.799208993,1.333068365
0.066,0.991344206,1.001798835,0.799184498,1.333060127
0.067,0.991105176,1.001845407,0.799159631,1.333051762
0.068,0.990863304,1.001892432,0.799134392,1.33304327
0.069,0.990618601,1.001939907,0.799108781,1.333034651
0.07,0.990371077,1.001987828,0.799082797,1.333025905
0.071,0.990120744,1.002036192,0.799056442,1.333017032
0.072,0.989867611,1.002084996,0.799029714,1.333008031
0.073,0.989611689,1.002134235,0.799002615,1.332998904
0.074,0.989352989,1.002183908,0.798975144,1.332989649
0.075,0.98909152,1.00223401,0.798947301,1.332980267
0.076,0.988827293,1.002284538,0.798919087,1.332970757
0.077,0.988560316,1.00233549,0.798890501,1.332961121
0.078,0.988290601,1.002386863,0.798861543,1.332951356
0.079,0.988018156,1.002438652,0.798832214,1.332941465
0.08,0.98774299,1.002490856,0.798802514,1.332931446
0.081,0.987465114,1.002543471,0.798772442,1.332921299
0.082,0.987184536,1.002596495,0.798741999,1.332911025
0.083,0.986901265,1.002649924,0.798711185,1.332900623
0.084,0.98661531,1.002703755,0.79868,1.332890093
0.085,0.98632668,1.002757987,0.798648444,1.332879436
0.086,0.986035384,1.002812616,0.798616516,1.332868651
0.087,0.985741431,1.00286764,0.798584218,1.332857738
0.088,0.985444828,1.002923055,0.79855155,1.332846697
0.089,0.985145585,1.002978859,0.79851851,1.332835528
0.09,0.984843709,1.00303505,0.7984851,1.332824232
0.091,0.98453921,1.003091624,0.798451319,1.332812807
0.092,0.984232094,1.00314858,0.798417168,1.332801255
0.093,0.98392237,1.003205915,0.798382646,1.332789574
0.094,0.983610047,1.003263626,0.798347754,1.332777765
0.095,0.983295131,1.003321711,0.798312491,1.332765828
0.096,0.982977631,1.003380168,0.798276859,1.332753763
0.097,0.982657554,1.003438993,0.798240856,1.33274157
0.098,0.982334909,1.003498186,0.798204483,1.332729248
0.099,0.982009702,1.003557742,0.79816774,1.332716798
0.1,0.98168194,1.003617661,0.798130628,1.33270422
0.101,0.981351632,1.003677939,0.798093145,1.332691513
0.102,0.981018785,1.003738574,0.798055293,1.332678678
0.103,0.980683406,1.003799565,0.798017071,1.332665714
0.104,0.980345501,1.003860909,0.79797848,1.332652622
0.105,0.980005079,1.003922603,0.797939519,1.332639401
0.106,0.979662146,1.003984646,0.797900188,1.332626052
0.107,0.979316709,1.004047036,0.797860488,1.332612574
0.108,0.978968774,1.00410977,0.797820419,1.332598967
0.109,0.97861835,1.004172846,0.797779981,1.332585231
0.11,0.978265442,1.004236262,0.797739173,1.332571366
0.111,0.977910057,1.004300016,0.797697997,1.332557373
0.112,0.977552202,1.004364107,0.797656451,1.332543251
0.113,0.977191883,1.004428531,0.797614537,1.332529
0.114,0.976829107,1.004493287,0.797572254,1.33251462
0.115,0.976463881,1.004558374,0.797529602,1.33250011
0.116,0.97609621,1.004623788,0.797486582,1.332485472
0.117,0.9757261,1.004689529,0.797443193,1.332470705
0.118,0.97535356,1.004755594,0.797399435,1.332455808
0.119,0.974978593,1.004821981,0.797355309,1.332440782
0.12,0.974601207,1.004888689,0.797310815,1.332425627
0.121,0.974221408,1.004955715,0.797265952,1.332410343
0.122,0.973839202,1.005023059,0.797220722,1.33239493
0.123,0.973454594,1.005090717,0.797175123,1.332379387
0.124,0.973067591,1.005158688,0.797129157,1.332363714
0.125,0.972678198,1.005226971,0.797082822,1.332347912
0.126,0.972286422,1.005295563,0.79703612,1.332331981
0.127,0.971892268,1.005364463,0.796989049,1.33231592
0.128,0.971495742,1.005433669,0.796941612,1.33229973
0.129,0.97109685,1.00550318,0.796893806,1.33228341
0.13,0.970695597,1.005572993,0.796845633,1.33226696
0.131,0.970291989,1.005643107,0.796797093,1.33225038
0.132,0.969886031,1.005713521,0.796748185,1.332233671
0.133,0.96947773,1.005784232,0.796698911,1.332216832
0.134,0.96906709,1.005855239,0.796649269,1.332199863
0.135,0.968654116,1.00592654,0.79659926,1.332182764
0.136,0.968238815,1.005998135,0.796548883,1.332165536
0.137,0.967821192,1.00607002,0.796498141,1.332148177
0.138,0.967401251,1.006142195,0.796447031,1.332130688
0.139,0.966978999,1.006214658,0.796395554,1.33211307
0.14,0.96655444,1.006287407,0.796343711,1.332095321
0.141,0.96612758,1.006360441,0.796291501,1.332077442
0.142,0.965698424,1.006433759,0.796238925,1.332059433
0.143,0.965266976,1.006507358,0.796185983,1.332041293
0.144,0.964833243,1.006581238,0.796132674,1.332023024
0.145,0.964397228,1.006655396,0.796078999,1.332004624
0.146,0.963958937,1.006729832,0.796024957,1.331986094
0.147,0.963518376,1.006804544,0.79597055,1.331967433
0.148,0.963075548,1.00687953,0.795915777,1.331948642
0.149,0.962630459,1.006954789,0.795860638,1.331929721
0.15,0.962183113,1.00703032,0.795805133,1.331910669
0.151,0.961733516,1.00710612,0.795749262,1.331891486
0.152,0.961281672,1.00718219,0.795693026,1.331872173
0.153,0.960827587,1.007258526,0.795636424,1.331852729
0.154,0.960371263,1.007335129,0.795579457,1.331833155
0.155,0.959912708,1.007411996,0.795522124,1.33181345
0.156,0.959451924,1.007489127,0.795464426,1.331793614
0.157,0.958988917,1.007566519,0.795406363,1.331773647
0.158,0.958523691,1.007644171,0.795347935,1.33175355
0.159,0.958056251,1.007722083,0.795289142,1.331733321
0.16,0.957586601,1.007800253,0.795229984,1.331712962
0.161,0.957114746,1.007878679,0.795170461,1.331692472
0.162,0.956640691,1.00795736,0.795110573,1.331671851
0.163,0.956164439,1.008036295,0.795050321,1.331651098
0.164,0.955685996,1.008115483,0.794989704,1.331630215
0.165,0.955205365,1.008194923,0.794928722,1.331609201
0.166,0.954722551,1.008274612,0.794867377,1.331588055
0.167,0.954237558,1.00835455,0.794805667,1.331566778
0.168,0.953750391,1.008434736,0.794743592,1.331545371
0.169,0.953261053,1.008515168,0.794681154,1.331523831
0.17,0.95276955,1.008595845,0.794618351,1.331502161
0.171,0.952275885,1.008676766,0.794555185,1.331480359
0.172,0.951780062,1.00875793,0.794491655,1.331458426
0.173,0.951282086,1.008839336,0.79442776,1.331436361
0.174,0.950781961,1.008920982,0.794363503,1.331414165
0.175,0.95027969,1.009002866,0.794298881,1.331391838
0.176,0.949775279,1.009084989,0.794233896,1.331369379
0.177,0.949268731,1.009167349,0.794168548,1.331346788
0.178,0.94876005,1.009249945,0.794102836,1.331324066
0.179,0.948249239,1.009332775,0.794036761,1.331301212
0.18,0.947736305,1.009415838,0.793970323,1.331278227
0.181,0.947221249,1.009499133,0.793903522,1.331255109
0.182,0.946704076,1.00958266,0.793836358,1.331231861
0.183,0.94618479,1.009666417,0.793768831,1.33120848
0.184,0.945663395,1.009750402,0.793700941,1.331184967
0.185,0.945139894,1.009834616,0.793632689,1.331161323
0.186,0.944614292,1.009919056,0.793564074,1.331137546
0.187,0.944086593,1.010003722,0.793495096,1.331113638
0.188,0.943556799,1.010088612,0.793425756,1.331089598
0.189,0.943024916,1.010173726,0.793356053,1.331065426
0.19,0.942490947,1.010259062,0.793285989,1.331041122
0.191,0.941954895,1.01034462,0.793215562,1.331016685
0.192,0.941416764,1.010430398,0.793144773,1.330992117
0.193,0.940876558,1.010516396,0.793073622,1.330967416
0.194,0.94033428,1.010602611,0.793002109,1.330942583
0.195,0.939789935,1.010689044,0.792930234,1.330917618
0.196,0.939243526,1.010775693,0.792857998,1.330892521
0.197,0.938695056,1.010862557,0.792785399,1.330867292
0.198,0.93814453,1.010949636,0.79271244,1.33084193
0.199,0.93759195,1.011036928,0.792639119,1.330816436
0.2,0.93703732,1.011124431,0.792565436,1.330790809
0.201,0.936480644,1.011212147,0.792491393,1.33076505
0.202,0.935921926,1.011300072,0.792416988,1.330739158
0.203,0.935361168,1.011388207,0.792342222,1.330713134
0.204,0.934798375,1.01147655,0.792267095,1.330686978
0.205,0.934233549,1.0115651,0.792191607,1.330660689
0.206,0.933666695,1.011653857,0.792115758,1.330634267
0.207,0.933097815,1.011742819,0.792039548,1.330607713
0.208,0.932526913,1.011831986,0.791962978,1.330581026
0.209,0.931953993,1.011921357,0.791886047,1.330554206
0.21,0.931379057,1.01201093,0.791808756,1.330527254
0.211,0.93080211,1.012100705,0.791731105,1.330500169
0.212,0.930223154,1.01219068,0.791653093,1.330472951
0.213,0.929642193,1.012280856,0.791574721,1.3304456
0.214,0.92905923,1.012371231,0.791495989,1.330418116
0.215,0.928474269,1.012461803,0.791416897,1.3303905
0.216,0.927887312,1.012552573,0.791337444,1.33036275
0.217,0.927298364,1.01264354,0.791257633,1.330334868
0.218,0.926707426,1.012734701,0.791177461,1.330306853
0.219,0.926114503,1.012826058,0.79109693,1.330278704
0.22,0.925519598,1.012917608,0.791016039,1.330250423
0.221,0.924922713,1.013009351,0.790934788,1.330222008
0.222,0.924323853,1.013101285,0.790853179,1.33019346
0.223,0.923723019,1.013193411,0.79077121,1.33016478
0.224,0.923120216,1.013285728,0.790688881,1.330135966
0.225,0.922515447,1.013378233,0.790606194,1.330107018
0.226,0.921908713,1.013470928,0.790523148,1.330077938
0.227,0.92130002,1.01356381,0.790439742,1.330048724
0.228,0.920689369,1.013656879,0.790355978,1.330019377
0.229,0.920076764,1.013750134,0.790271855,1.329989897
0.23,0.919462208,1.013843574,0.790187374,1.329960283
0.231,0.918845704,1.013937199,0.790102534,1.329930536
0.232,0.918227255,1.014031008,0.790017335,1.329900655
0.233,0.917606863,1.014124999,0.789931778,1.329870641
0.234,0.916984533,1.014219172,0.789845863,1.329840494
0.235,0.916360266,1.014313527,0.78975959,1.329810213
0.236,0.915734067,1.014408062,0.789672958,1.329779798
0.237,0.915105937,1.014502777,0.789585968,1.32974925
0.238,0.91447588,1.014597671,0.789498621,1.329718568
0.239,0.913843899,1.014692743,0.789410916,1.329687753
0.24,0.913209996,1.014787992,0.789322852,1.329656804
0.241,0.912574175,1.014883418,0.789234432,1.329625721
0.242,0.911936438,1.01497902,0.789145653,1.329594504
0.243,0.911296788,1.015074797,0.789056517,1.329563154
0.244,0.910655229,1.015170748,0.788967024,1.32953167
0.245,0.910011762,1.015266872,0.788877174,1.329500052
0.246,0.909366392,1.01536317,0.788786966,1.329468301
0.247,0.90871912,1.01545964,0.788696401,1.329436415
0.248,0.908069949,1.015556281,0.788605479,1.329404396
0.249,0.907418883,1.015653092,0.7885142,1.329372243
0.25,0.906765923,1.015750074,0.788422565,1.329339955
0.251,0.906111074,1.015847224,0.788330572,1.329307534
0.252,0.905454337,1.015944543,0.788238223,1.329274979
0.253,0.904795715,1.01604203,0.788145517,1.32924229
0.254,0.904135211,1.016139684,0.788052455,1.329209466
0.255,0.903472828,1.016237504,0.787959037,1.329176509
0.256,0.902808569,1.01633549,0.787865262,1.329143417
0.257,0.902142436,1.016433641,0.787771131,1.329110192
0.258,0.901474431,1.016531955,0.787676643,1.329076832
0.259,0.900804558,1.016630434,0.7875818,1.329043338
0.26,0.90013282,1.016729075,0.787486601,1.32900971
0.261,0.899459218,1.016827878,0.787391046,1.328975947
0.262,0.898783756,1.016926843,0.787295135,1.328942051
0.263,0.898106435,1.017025969,0.787198868,1.32890802
0.264,0.89742726,1.017125255,0.787102246,1.328873854
0.265,0.896746232,1.0172247,0.787005269,1.328839555
0.266,0.896063354,1.017324304,0.786907936,1.328805121
0.267,0.895378628,1.017424066,0.786810247,1.328770552
0.268,0.894692057,1.017523986,0.786712204,1.328735849
0.269,0.894003644,1.017624062,0.786613805,1.328701012
0.27,0.893313392,1.017724295,0.786515051,1.32866604
0.271,0.892621302,1.017824683,0.786415943,1.328630934
0.272,0.891927377,1.017925226,0.786316479,1.328595693
0.273,0.891231621,1.018025923,0.786216661,1.328560318
0.274,0.890534034,1.018126773,0.786116488,1.328524808
0.275,0.889834621,1.018227777,0.78601596,1.328489164
0.276,0.889133382,1.018328933,0.785915078,1.328453385
0.277,0.888430322,1.018430241,0.785813841,1.328417471
0.278,0.887725442,1.0185317,0.785712251,1.328381423
0.279,0.887018744,1.018633309,0.785610305,1.32834524
0.28,0.886310232,1.018735068,0.785508006,1.328308922
0.281,0.885599908,1.018836976,0.785405353,1.328272469
0.282,0.884887773,1.018939033,0.785302345,1.328235882
0.283,0.884173831,1.019041238,0.785198984,1.32819916
0.284,0.883458084,1.01914359,0.785095269,1.328162303
0.285,0.882740535,1.019246089,0.784991201,1.328125312
0.286,0.882021185,1.019348735,0.784886778,1.328088185
0.287,0.881300037,1.019451526,0.784782003,1.328050924
0.288,0.880577093,1.019554462,0.784676873,1.328013527
0.289,0.879852356,1.019657542,0.784571391,1.327975996
0.29,0.879125829,1.019760766,0.784465555,1.32793833
0.291,0.878397513,1.019864133,0.784359366,1.327900529
0.292,0.877667411,1.019967644,0.784252824,1.327862593
0.293,0.876935525,1.020071296,0.784145929,1.327824522
0.294,0.876201858,1.02017509,0.784038681,1.327786316
0.295,0.875466411,1.020279024,0.78393108,1.327747975
0.296,0.874729188,1.020383099,0.783823126,1.327709499
0.297,0.87399019,1.020487314,0.78371482,1.327670887
0.298,0.87324942,1.020591668,0.783606162,1.327632141
0.299,0.87250688,1.020696161,0.783497151,1.32759326
0.3,0.871762572,1.020800792,0.783387787,1.327554243
0.301,0.871016498,1.020905561,0.783278071,1.327515091
0.302,0.870268661,1.021010467,0.783168003,1.327475804
0.303,0.869519064,1.021115509,0.783057583,1.327436382
0.304,0.868767707,1.021220687,0.782946811,1.327396824
0.305,0.868014594,1.021326,0.782835687,1.327357132
0.306,0.867259727,1.021431449,0.782724211,1.327317304
0.307,0.866503107,1.021537031,0.782612384,1.327277341
0.308,0.865744738,1.021642748,0.782500204,1.327237242
0.309,0.864984621,1.021748598,0.782387674,1.327197008
0.31,0.864222758,1.02185458,0.782274791,1.327156639
0.311,0.863459153,1.021960695,0.782161558,1.327116134
0.312,0.862693805,1.022066941,0.782047973,1.327075494
0.313,0.861926719,1.022173319,0.781934036,1.327034719
0.314,0.861157896,1.022279827,0.781819749,1.326993808
0.315,0.860387338,1.022386465,0.781705111,1.326952762
0.316,0.859615048,1.022493233,0.781590121,1.32691158
0.317,0.858841027,1.02260013,0.781474781,1.326870263
0.318,0.858065278,1.022707156,0.78135909,1.32682881
0.319,0.857287803,1.02281431,0.781243049,1.326787222
0.32,0.856508603,1.022921591,0.781126656,1.326745499
0.321,0.855727682,1.023029,0.781009914,1.326703639
0.322,0.85494504,1.023136535,0.78089282,1.326661644
0.323,0.854160681,1.023244196,0.780775377,1.326619514
0.324,0.853374606,1.023351982,0.780657583,1.326577248
0.325,0.852586817,1.023459894,0.780539439,1.326534846
0.326,0.851797317,1.023567931,0.780420945,1.326492309
0.327,0.851006106,1.023676091,0.780302101,1.326449636
0.328,0.850213189,1.023784375,0.780182907,1.326406827
0.329,0.849418566,1.023892783,0.780063364,1.326363883
0.33,0.848622239,1.024001313,0.77994347,1.326320803
0.331,0.847824211,1.024109965,0.779823227,1.326277587
0.332,0.847024484,1.024218739,0.779702634,1.326234236
0.333,0.846223059,1.024327634,0.779581692,1.326190749
0.334,0.845419939,1.02443665,0.779460401,1.326147126
0.335,0.844615125,1.024545787,0.77933876,1.326103367
0.336,0.84380862,1.024655043,0.77921677,1.326059472
0.337,0.843000426,1.024764419,0.779094431,1.326015442
0.338,0.842190544,1.024873913,0.778971743,1.325971276
0.339,0.841378976,1.024983526,0.778848706,1.325926974
0.34,0.840565725,1.025093257,0.77872532,1.325882536
0.341,0.839750793,1.025203106,0.778601585,1.325837962
0.342,0.838934181,1.025313071,0.778477502,1.325793252
0.343,0.838115891,1.025423154,0.77835307,1.325748406
0.344,0.837295925,1.025533352,0.77822829,1.325703425
0.345,0.836474286,1.025643667,0.778103161,1.325658307
0.346,0.835650975,1.025754096,0.777977683,1.325613054
0.347,0.834825994,1.025864641,0.777851858,1.325567664
0.348,0.833999345,1.025975299,0.777725684,1.325522139
0.349,0.833171029,1.026086072,0.777599163,1.325476478
0.35,0.83234105,1.026196959,0.777472293,1.32543068
0.351,0.831509408,1.026307958,0.777345075,1.325384747
0.352,0.830676105,1.026419071,0.77721751,1.325338677
0.353,0.829841145,1.026530295,0.777089597,1.325292472
0.354,0.829004527,1.026641631,0.776961336,1.32524613
0.355,0.828166254,1.026753079,0.776832728,1.325199652
0.356,0.827326329,1.026864638,0.776703772,1.325153039
0.357,0.826484752,1.026976307,0.776574468,1.325106289
0.358,0.825641527,1.027088086,0.776444818,1.325059403
0.359,0.824796653,1.027199976,0.77631482,1.325012381
0.36,0.823950135,1.027311974,0.776184475,1.324965222
0.361,0.823101972,1.027424081,0.776053783,1.324917928
0.362,0.822252168,1.027536297,0.775922744,1.324870497
0.363,0.821400723,1.027648621,0.775791358,1.32482293
0.364,0.82054764,1.027761052,0.775659626,1.324775227
0.365,0.819692921,1.027873591,0.775527546,1.324727388
0.366,0.818836567,1.027986236,0.775395121,1.324679413
0.367,0.81797858,1.028098988,0.775262348,1.324631301
0.368,0.817118962,1.028211846,0.775129229,1.324583053
0.369,0.816257714,1.02832481,0.774995764,1.324534669
0.37,0.81539484,1.028437879,0.774861952,1.324486148
0.371,0.814530339,1.028551052,0.774727794,1.324437492
0.372,0.813664214,1.02866433,0.77459329,1.324388699
0.373,0.812796468,1.028777713,0.774458441,1.324339769
0.374,0.8119271,1.028891198,0.774323245,1.324290704
0.375,0.811056115,1.029004787,0.774187703,1.324241502
0.376,0.810183512,1.029118479,0.774051815,1.324192163
0.377,0.809309294,1.029232274,0.773915582,1.324142689
0.378,0.808433462,1.02934617,0.773779003,1.324093078
0.379,0.807556019,1.029460168,0.773642079,1.32404333
0.38,0.806676965,1.029574268,0.773504809,1.323993447
0.381,0.805796304,1.029688468,0.773367194,1.323943427
0.382,0.804914036,1.029802769,0.773229234,1.32389327
0.383,0.804030162,1.029917171,0.773090928,1.323842977
0.384,0.803144686,1.030031672,0.772952277,1.323792548
0.385,0.802257608,1.030146272,0.772813281,1.323741982
0.386,0.801368931,1.030260972,0.772673941,1.32369128
0.387,0.800478655,1.03037577,0.772534255,1.323640441
0.388,0.799586783,1.030490667,0.772394225,1.323589466
0.389,0.798693317,1.030605662,0.77225385,1.323538354
0.39,0.797798257,1.030720754,0.77211313,1.323487106
0.391,0.796901606,1.030835944,0.771972066,1.323435721
0.392,0.796003365,1.03095123,0.771830658,1.3233842
0.393,0.795103536,1.031066613,0.771688905,1.323332543
0.394,0.79420212,1.031182092,0.771546808,1.323280748
0.395,0.79329912,1.031297667,0.771404366,1.323228818
0.396,0.792394537,1.031413338,0.771261581,1.323176751
0.397,0.791488372,1.031529103,0.771118451,1.323124547
0.398,0.790580628,1.031644963,0.770974978,1.323072207
0.399,0.789671305,1.031760918,0.77083116,1.32301973
0.4,0.788760406,1.031876967,0.770686999,1.322967116
0.401,0.787847931,1.031993109,0.770542495,1.322914366
0.402,0.786933884,1.032109345,0.770397646,1.32286148
0.403,0.786018264,1.032225674,0.770252454,1.322808457
0.404,0.785101075,1.032342095,0.770106919,1.322755297
0.405,0.784182317,1.032458609,0.76996104,1.322702001
0.406,0.783261992,1.032575214,0.769814818,1.322648568
0.407,0.782340101,1.032691912,0.769668253,1.322594998
0.408,0.781416647,1.0328087,0.769521345,1.322541292
0.409,0.780491631,1.03292558,0.769374093,1.322487449
0.41,0.779565054,1.03304255,0.769226499,1.322433469
0.411,0.778636918,1.033159611,0.769078562,1.322379353
0.412,0.777707224,1.033276762,0.768930282,1.3223251
0.413,0.776775975,1.033394002,0.768781659,1.322270711
0.414,0.775843172,1.033511331,0.768632694,1.322216185
0.415,0.774908815,1.03362875,0.768483386,1.322161522
0.416,0.773972907,1.033746257,0.768333736,1.322106722
0.417,0.77303545,1.033863852,0.768183743,1.322051786
0.418,0.772096445,1.033981536,0.768033408,1.321996713
0.419,0.771155893,1.034099307,0.767882731,1.321941504
0.42,0.770213795,1.034217165,0.767731712,1.321886157
0.421,0.769270155,1.034335111,0.76758035,1.321830674
0.422,0.768324972,1.034453143,0.767428647,1.321775054
0.423,0.767378249,1.034571262,0.767276602,1.321719298
0.424,0.766429987,1.034689466,0.767124215,1.321663405
0.425,0.765480187,1.034807757,0.766971486,1.321607375
0.426,0.764528851,1.034926133,0.766818415,1.321551208
0.427,0.763575981,1.035044594,0.766665003,1.321494905
0.428,0.762621578,1.03516314,0.76651125,1.321438464
0.429,0.761665644,1.03528177,0.766357155,1.321381887
0.43,0.760708179,1.035400485,0.766202719,1.321325174
0.431,0.759749186,1.035519283,0.766047941,1.321268323
0.432,0.758788666,1.035638165,0.765892822,1.321211336
0.433,0.757826621,1.035757131,0.765737363,1.321154212
0.434,0.756863051,1.035876179,0.765581562,1.321096951
0.435,0.755897959,1.035995311,0.76542542,1.321039553
0.436,0.754931346,1.036114524,0.765268938,1.320982019
0.437,0.753963213,1.03623382,0.765112114,1.320924348
0.438,0.752993562,1.036353197,0.76495495,1.32086654
0.439,0.752022394,1.036472656,0.764797446,1.320808595
0.44,0.751049711,1.036592196,0.764639601,1.320750513
0.441,0.750075514,1.036711817,0.764481415,1.320692295
0.442,0.749099804,1.036831519,0.764322889,1.320633939
0.443,0.748122584,1.036951301,0.764164023,1.320575447
0.444,0.747143854,1.037071163,0.764004816,1.320516818
0.445,0.746163616,1.037191105,0.76384527,1.320458053
0.446,0.745181872,1.037311126,0.763685383,1.32039915
0.447,0.744198622,1.037431226,0.763525156,1.32034011
0.448,0.743213868,1.037551405,0.76336459,1.320280934
0.449,0.742227612,1.037671663,0.763203684,1.320221621
0.45,0.741239855,1.037791999,0.763042437,1.320162171
0.451,0.740250598,1.037912413,0.762880852,1.320102584
0.452,0.739259843,1.038032905,0.762718926,1.320042861
0.453,0.738267592,1.038153474,0.762556662,1.319983
0.454,0.737273845,1.038274121,0.762394057,1.319923003
0.455,0.736278603,1.038394844,0.762231114,1.319862868
0.456,0.73528187,1.038515644,0.762067831,1.319802597
0.457,0.734283645,1.038636521,0.761904209,1.319742189
0.458,0.73328393,1.038757473,0.761740248,1.319681644
0.459,0.732282727,1.038878501,0.761575948,1.319620963
0.46,0.731280037,1.038999605,0.761411308,1.319560144
0.461,0.730275861,1.039120784,0.76124633,1.319499189
0.462,0.7292702,1.039242038,0.761081014,1.319438096
0.463,0.728263057,1.039363367,0.760915358,1.319376867
0.464,0.727254432,1.03948477,0.760749364,1.319315501
0.465,0.726244327,1.039606247,0.760583031,1.319253998
0.466,0.725232743,1.039727798,0.76041636,1.319192358
0.467,0.724219681,1.039849423,0.76024935,1.319130581
0.468,0.723205143,1.039971121,0.760082002,1.319068668
0.469,0.72218913,1.040092892,0.759914316,1.319006617
0.47,0.721171644,1.040214737,0.759746292,1.31894443
0.471,0.720152685,1.040336653,0.759577929,1.318882105
0.472,0.719132256,1.040458642,0.759409229,1.318819644
0.473,0.718110357,1.040580703,0.759240191,1.318757046
0.474,0.71708699,1.040702836,0.759070814,1.318694311
0.475,0.716062156,1.040825041,0.7589011,1.318631439
0.476,0.715035856,1.040947317,0.758731048,1.31856843
0.477,0.714008093,1.041069663,0.758560659,1.318505285
0.478,0.712978866,1.041192081,0.758389932,1.318442002
0.479,0.711948177,1.041314569,0.758218867,1.318378583
0.48,0.710916029,1.041437127,0.758047465,1.318315026
0.481,0.709882421,1.041559756,0.757875726,1.318251333
0.482,0.708847356,1.041682454,0.75770365,1.318187503
0.483,0.707810834,1.041805222,0.757531236,1.318123536
0.484,0.706772857,1.041928059,0.757358485,1.318059432
0.485,0.705733426,1.042050965,0.757185398,1.317995191
0.486,0.704692542,1.042173939,0.757011973,1.317930813
0.487,0.703650208,1.042296983,0.756838211,1.317866299
0.488,0.702606423,1.042420094,0.756664113,1.317801647
0.489,0.70156119,1.042543274,0.756489678,1.317736859
0.49,0.700514509,1.042666521,0.756314906,1.317671933
0.491,0.699466382,1.042789836,0.756139798,1.317606871
0.492,0.69841681,1.042913219,0.755964353,1.317541672
0.493,0.697365795,1.043036668,0.755788571,1.317476336
0.494,0.696313337,1.043160184,0.755612454,1.317410863
0.495,0.695259438,1.043283767,0.755436,1.317345253
0.496,0.694204099,1.043407416,0.75525921,1.317279507
0.497,0.693147321,1.043531131,0.755082084,1.317213623
0.498,0.692089106,1.043654912,0.754904621,1.317147603
0.499,0.691029455,1.043778759,0.754726823,1.317081445
0.5,0.689968369,1.043902671,0.754548689,1.317015151
0.501,0.68890585,1.044026649,0.754370219,1.31694872
0.502,0.687841898,1.044150691,0.754191414,1.316882152
0.503,0.686776515,1.044274798,0.754012272,1.316815447
0.504,0.685709702,1.04439897,0.753832795,1.316748605
0.505,0.68464146,1.044523206,0.753652983,1.316681627
0.506,0.683571791,1.044647505,0.753472835,1.316614511
0.507,0.682500695,1.044771869,0.753292352,1.316547259
0.508,0.681428175,1.044896296,0.753111533,1.316479869
0.509,0.680354231,1.045020787,0.75293038,1.316412343
0.51,0.679278864,1.045145341,0.752748891,1.31634468
0.511,0.678202075,1.045269957,0.752567067,1.31627688
0.512,0.677123867,1.045394636,0.752384908,1.316208944
0.513,0.676044239,1.045519378,0.752202414,1.31614087
0.514,0.674963194,1.045644182,0.752019585,1.31607266
0.515,0.673880732,1.045769048,0.751836422,1.316004312
0.516,0.672796854,1.045893976,0.751652923,1.315935828
0.517,0.671711563,1.046018965,0.75146909,1.315867207
0.518,0.670624858,1.046144016,0.751284923,1.315798449
0.519,0.669536742,1.046269127,0.751100421,1.315729555
0.52,0.668447215,1.0463943,0.750915585,1.315660523
0.521,0.667356278,1.046519533,0.750730414,1.315591355
0.522,0.666263933,1.046644827,0.750544909,1.31552205
0.523,0.665170182,1.046770181,0.75035907,1.315452608
0.524,0.664075024,1.046895595,0.750172897,1.315383029
0.525,0.662978461,1.047021069,0.74998639,1.315313313
0.526,0.661880495,1.047146603,0.749799548,1.31524346
0.527,0.660781126,1.047272196,0.749612373,1.315173471
0.528,0.659680356,1.047397848,0.749424864,1.315103345
0.529,0.658578186,1.047523559,0.749237021,1.315033082
0.53,0.657474617,1.047649329,0.749048845,1.314962682
0.531,0.656369651,1.047775158,0.748860335,1.314892146
0.532,0.655263287,1.047901045,0.748671491,1.314821472
0.533,0.654155528,1.04802699,0.748482314,1.314750662
0.534,0.653046375,1.048152993,0.748292804,1.314679715
0.535,0.651935829,1.048279054,0.74810296,1.314608632
0.536,0.65082389,1.048405172,0.747912783,1.314537411
0.537,0.649710561,1.048531348,0.747722273,1.314466054
0.538,0.648595841,1.04865758,0.74753143,1.31439456
0.539,0.647479733,1.04878387,0.747340254,1.314322929
0.54,0.646362238,1.048910217,0.747148744,1.314251161
0.541,0.645243356,1.04903662,0.746956902,1.314179257
0.542,0.644123089,1.049163079,0.746764727,1.314107216
0.543,0.643001438,1.049289594,0.74657222,1.314035038
0.544,0.641878404,1.049416165,0.746379379,1.313962723
0.545,0.640753987,1.049542793,0.746186206,1.313890272
0.546,0.63962819,1.049669475,0.745992701,1.313817684
0.547,0.638501014,1.049796213,0.745798863,1.313744959
0.548,0.637372458,1.049923006,0.745604692,1.313672097
0.549,0.636242526,1.050049854,0.74541019,1.313599099
0.55,0.635111216,1.050176757,0.745215355,1.313525964
0.551,0.633978532,1.050303714,0.745020188,1.313452692
0.552,0.632844474,1.050430726,0.744824688,1.313379284
0.553,0.631709042,1.050557792,0.744628857,1.313305739
0.554,0.630572238,1.050684911,0.744432694,1.313232057
0.555,0.629434064,1.050812085,0.744236199,1.313158239
0.556,0.62829452,1.050939312,0.744039372,1.313084283
0.557,0.627153607,1.051066593,0.743842213,1.313010192
0.558,0.626011326,1.051193926,0.743644723,1.312935963
0.559,0.624867679,1.051321313,0.743446901,1.312861598
0.56,0.623722667,1.051448753,0.743248748,1.312787096
0.561,0.62257629,1.051576245,0.743050263,1.312712458
0.562,0.62142855,1.05170379,0.742851446,1.312637682
0.563,0.620279447,1.051831387,0.742652299,1.312562771
0.564,0.619128984,1.051959036,0.74245282,1.312487722
0.565,0.61797716,1.052086737,0.742253009,1.312412537
0.566,0.616823977,1.052214489,0.742052868,1.312337216
0.567,0.615669437,1.052342294,0.741852396,1.312261757
0.568,0.614513539,1.052470149,0.741651593,1.312186162
0.569,0.613356286,1.052598056,0.741450458,1.312110431
0.57,0.612197678,1.052726014,0.741248993,1.312034563
0.571,0.611037716,1.052854022,0.741047197,1.311958558
0.572,0.609876402,1.052982082,0.740845071,1.311882417
0.573,0.608713736,1.053110191,0.740642614,1.311806139
0.574,0.607549719,1.053238351,0.740439826,1.311729725
0.575,0.606384353,1.053366561,0.740236708,1.311653174
0.576,0.605217638,1.053494821,0.740033259,1.311576486
0.577,0.604049576,1.053623131,0.73982948,1.311499662
0.578,0.602880168,1.05375149,0.739625371,1.311422701
0.579,0.601709414,1.053879898,0.739420931,1.311345604
0.58,0.600537316,1.054008356,0.739216162,1.311268371
0.581,0.599363875,1.054136863,0.739011062,1.311191
0.582,0.598189091,1.054265419,0.738805632,1.311113494
0.583,0.597012966,1.054394023,0.738599872,1.31103585
0.584,0.595835501,1.054522676,0.738393783,1.310958071
0.585,0.594656697,1.054651377,0.738187363,1.310880155
0.586,0.593476554,1.054780127,0.737980614,1.310802102
0.587,0.592295075,1.054908924,0.737773535,1.310723913
0.588,0.591112259,1.055037769,0.737566127,1.310645587
0.589,0.589928108,1.055166662,0.737358389,1.310567125
0.59,0.588742623,1.055295603,0.737150321,1.310488527
0.591,0.587555805,1.05542459,0.736941924,1.310409792
0.592,0.586367655,1.055553625,0.736733198,1.31033092
0.593,0.585178174,1.055682707,0.736524143,1.310251912
0.594,0.583987363,1.055811836,0.736314758,1.310172768
0.595,0.582795222,1.055941011,0.736105044,1.310093487
0.596,0.581601754,1.056070233,0.735895001,1.31001407
0.597,0.580406958,1.056199501,0.735684629,1.309934517
0.598,0.579210837,1.056328815,0.735473929,1.309854827
0.599,0.57801339,1.056458175,0.735262899,1.309775001
0.6,0.57681462,1.056587582,0.735051541,1.309695038
0.601,0.575614526,1.056717033,0.734839853,1.309614939
0.602,0.57441311,1.056846531,0.734627837,1.309534704
0.603,0.573210373,1.056976073,0.734415493,1.309454333
0.604,0.572006316,1.057105661,0.73420282,1.309373825
0.605,0.570800939,1.057235294,0.733989819,1.30929318
0.606,0.569594245,1.057364971,0.733776489,1.3092124
0.607,0.568386233,1.057494694,0.733562831,1.309131483
0.608,0.567176905,1.057624461,0.733348844,1.30905043
0.609,0.565966262,1.057754272,0.733134529,1.30896924
0.61,0.564754305,1.057884127,0.732919887,1.308887914
0.611,0.563541034,1.058014027,0.732704916,1.308806452
0.612,0.562326451,1.05814397,0.732489617,1.308724854
0.613,0.561110556,1.058273958,0.73227399,1.308643119
0.614,0.559893351,1.058403988,0.732058036,1.308561249
0.615,0.558674837,1.058534063,0.731841753,1.308479242
0.616,0.557455014,1.05866418,0.731625143,1.308397098
0.617,0.556233883,1.058794341,0.731408205,1.308314819
0.618,0.555011446,1.058924545,0.73119094,1.308232403
0.619,0.553787703,1.059054791,0.730973347,1.308149851
0.62,0.552562656,1.05918508,0.730755426,1.308067163
0.621,0.551336305,1.059315412,0.730537178,1.307984339
0.622,0.550108651,1.059445786,0.730318603,1.307901379
0.623,0.548879695,1.059576202,0.730099701,1.307818282
0.624,0.547649439,1.05970666,0.729880471,1.30773505
0.625,0.546417882,1.059837161,0.729660914,1.307651681
0.626,0.545185026,1.059967703,0.72944103,1.307568176
0.627,0.543950873,1.060098286,0.72922082,1.307484535
0.628,0.542715422,1.060228911,0.729000282,1.307400758
0.629,0.541478675,1.060359578,0.728779417,1.307316844
0.63,0.540240632,1.060490285,0.728558225,1.307232795
0.631,0.539001296,1.060621034,0.728336707,1.30714861
0.632,0.537760666,1.060751823,0.728114862,1.307064288
0.633,0.536518743,1.060882653,0.72789269,1.306979831
0.634,0.535275529,1.061013524,0.727670192,1.306895237
0.635,0.534031024,1.061144435,0.727447367,1.306810507
0.636,0.53278523,1.061275387,0.727224216,1.306725642
0.637,0.531538146,1.061406378,0.727000739,1.30664064
0.638,0.530289775,1.06153741,0.726776935,1.306555503
0.639,0.529040117,1.061668482,0.726552805,1.306470229
0.64,0.527789173,1.061799593,0.726328349,1.306384819
0.641,0.526536944,1.061930744,0.726103566,1.306299274
0.642,0.52528343,1.062061934,0.725878458,1.306213592
0.643,0.524028633,1.062193163,0.725653023,1.306127775
0.644,0.522772554,1.062324432,0.725427263,1.306041821
0.645,0.521515193,1.06245574,0.725201177,1.305955732
0.646,0.520256552,1.062587086,0.724974765,1.305869507
0.647,0.51899663,1.062718472,0.724748027,1.305783146
0.648,0.51773543,1.062849896,0.724520964,1.305696649
0.649,0.516472953,1.062981358,0.724293575,1.305610016
0.65,0.515209198,1.063112859,0.72406586,1.305523247
0.651,0.513944167,1.063244398,0.72383782,1.305436342
0.652,0.512677861,1.063375974,0.723609455,1.305349302
0.653,0.51141028,1.063507589,0.723380764,1.305262126
0.654,0.510141426,1.063639242,0.723151748,1.305174813
0.655,0.5088713,1.063770932,0.722922407,1.305087365
0.656,0.507599901,1.06390266,0.722692741,1.304999782
0.657,0.506327232,1.064034425,0.722462749,1.304912062
0.658,0.505053293,1.064166227,0.722232432,1.304824207
0.659,0.503778086,1.064298066,0.722001791,1.304736216
0.66,0.502501609,1.064429943,0.721770824,1.304648089
0.661,0.501223866,1.064561856,0.721539533,1.304559826
0.662,0.499944856,1.064693806,0.721307917,1.304471428
0.663,0.498664581,1.064825792,0.721075976,1.304382894
0.664,0.497383041,1.064957815,0.720843711,1.304294224
0.665,0.496100238,1.065089874,0.720611121,1.304205419
0.666,0.494816171,1.065221969,0.720378206,1.304116478
0.667,0.493530842,1.065354101,0.720144967,1.304027401
0.668,0.492244253,1.065486268,0.719911403,1.303938189
0.669,0.490956402,1.065618471,0.719677515,1.303848841
0.67,0.489667293,1.065750709,0.719443303,1.303759357
0.671,0.488376925,1.065882984,0.719208767,1.303669738
0.672,0.487085299,1.066015293,0.718973906,1.303579983
0.673,0.485792416,1.066147638,0.718738722,1.303490092
0.674,0.484498277,1.066280018,0.718503213,1.303400066
0.675,0.483202883,1.066412433,0.71826738,1.303309905
0.676,0.481906235,1.066544883,0.718031224,1.303219607
0.677,0.480608334,1.066677367,0.717794743,1.303129175
0.678,0.479309179,1.066809886,0.717557939,1.303038606
0.679,0.478008773,1.06694244,0.717320811,1.302947903
0.68,0.476707116,1.067075028,0.717083359,1.302857063
0.681,0.475404209,1.06720765,0.716845584,1.302766089
0.682,0.474100053,1.067340307,0.716607485,1.302674978
0.683,0.472794648,1.067472997,0.716369062,1.302583733
0.684,0.471487996,1.067605721,0.716130317,1.302492351
0.685,0.470180097,1.067738479,0.715891247,1.302400835
0.686,0.468870952,1.067871271,0.715651855,1.302309183
0.687,0.467560562,1.068004096,0.715412139,1.302217395
0.688,0.466248928,1.068136955,0.7151721,1.302125472
0.689,0.464936051,1.068269846,0.714931738,1.302033414
0.69,0.463621931,1.068402771,0.714691053,1.30194122
0.691,0.462306569,1.068535729,0.714450045,1.301848891
0.692,0.460989967,1.06866872,0.714208714,1.301756427
0.693,0.459672124,1.068801744,0.71396706,1.301663827
0.694,0.458353042,1.0689348,0.713725083,1.301571092
0.695,0.457032722,1.069067889,0.713482783,1.301478222
0.696,0.455711164,1.06920101,0.713240161,1.301385217
0.697,0.454388369,1.069334164,0.712997216,1.301292076
0.698,0.453064339,1.069467349,0.712753949,1.3011988
0.699,0.451739073,1.069600567,0.712510358,1.301105388
0.7,0.450412573,1.069733817,0.712266446,1.301011842
0.701,0.44908484,1.069867098,0.712022211,1.30091816
0.702,0.447755873,1.070000412,0.711777654,1.300824343
0.703,0.446425675,1.070133757,0.711532774,1.30073039
0.704,0.445094246,1.070267133,0.711287572,1.300636303
0.705,0.443761586,1.070400541,0.711042048,1.30054208
0.706,0.442427697,1.070533979,0.710796202,1.300447722
0.707,0.44109258,1.07066745,0.710550034,1.300353229
0.708,0.439756234,1.070800951,0.710303543,1.300258601
0.709,0.438418662,1.070934483,0.710056731,1.300163838
0.71,0.437079863,1.071068045,0.709809597,1.30006894
0.711,0.435739839,1.071201639,0.709562141,1.299973907
0.712,0.43439859,1.071335263,0.709314364,1.299878738
0.713,0.433056117,1.071468917,0.709066264,1.299783435
0.714,0.431712421,1.071602602,0.708817843,1.299687996
0.715,0.430367503,1.071736317,0.708569101,1.299592423
0.716,0.429021363,1.071870062,0.708320037,1.299496714
0.717,0.427674003,1.072003837,0.708070651,1.29940087
0.718,0.426325423,1.072137642,0.707820944,1.299304892
0.719,0.424975624,1.072271477,0.707570916,1.299208778
0.72,0.423624606,1.072405342,0.707320566,1.29911253
0.721,0.422272371,1.072539236,0.707069896,1.299016146
0.722,0.420918919,1.072673159,0.706818903,1.298919628
0.723,0.419564251,1.072807112,0.70656759,1.298822975
0.724,0.418208368,1.072941094,0.706315956,1.298726187
0.725,0.41685127,1.073075105,0.706064001,1.298629263
0.726,0.415492959,1.073209145,0.705811725,1.298532205
0.727,0.414133435,1.073343214,0.705559128,1.298435013
0.728,0.412772699,1.073477312,0.70530621,1.298337685
0.729,0.411410752,1.073611439,0.705052971,1.298240223
0.73,0.410047594,1.073745594,0.704799412,1.298142625
0.731,0.408683226,1.073879778,0.704545532,1.298044893
0.732,0.407317649,1.07401399,0.704291331,1.297947026
0.733,0.405950864,1.07414823,0.70403681,1.297849025
0.734,0.404582872,1.074282498,0.703781968,1.297750888
0.735,0.403213672,1.074416795,0.703526806,1.297652617
0.736,0.401843267,1.074551119,0.703271323,1.297554212
0.737,0.400471657,1.074685471,0.703015521,1.297455671
0.738,0.399098842,1.074819851,0.702759397,1.297356996
0.739,0.397724824,1.074954259,0.702502954,1.297258186
0.74,0.396349603,1.075088694,0.702246191,1.297159241
0.741,0.394973179,1.075223157,0.701989107,1.297060162
0.742,0.393595554,1.075357647,0.701731704,1.296960948
0.743,0.392216729,1.075492164,0.70147398,1.2968616
0.744,0.390836704,1.075626708,0.701215937,1.296762117
0.745,0.389455479,1.075761279,0.700957573,1.296662499
0.746,0.388073056,1.075895878,0.70069889,1.296562747
0.747,0.386689436,1.076030503,0.700439887,1.29646286
0.748,0.385304618,1.076165154,0.700180565,1.296362839
0.749,0.383918605,1.076299833,0.699920922,1.296262683
0.75,0.382531396,1.076434537,0.699660961,1.296162393
0.751,0.381142993,1.076569269,0.699400679,1.296061968
0.752,0.379753395,1.076704026,0.699140078,1.295961409
0.753,0.378362605,1.07683881,0.698879158,1.295860715
0.754,0.376970622,1.07697362,0.698617919,1.295759887
0.755,0.375577447,1.077108456,0.69835636,1.295658924
0.756,0.374183082,1.077243317,0.698094482,1.295557827
0.757,0.372787526,1.077378205,0.697832284,1.295456596
0.758,0.371390781,1.077513118,0.697569768,1.29535523
0.759,0.369992847,1.077648057,0.697306932,1.29525373
0.76,0.368593725,1.077783022,0.697043778,1.295152096
0.761,0.367193416,1.077918012,0.696780304,1.295050327
0.762,0.36579192,1.078053027,0.696516512,1.294948424
0.763,0.364389238,1.078188067,0.6962524,1.294846386
0.764,0.362985372,1.078323133,0.69598797,1.294744215
0.765,0.36158032,1.078458223,0.695723221,1.294641909
0.766,0.360174086,1.078593339,0.695458154,1.294539468
0.767,0.358766668,1.078728479,0.695192767,1.294436894
0.768,0.357358069,1.078863644,0.694927063,1.294334185
0.769,0.355948287,1.078998834,0.694661039,1.294231342
0.77,0.354537325,1.079134048,0.694394698,1.294128365
0.771,0.353125184,1.079269287,0.694128037,1.294025254
0.772,0.351711862,1.07940455,0.693861059,1.293922009
0.773,0.350297362,1.079539838,0.693593762,1.293818629
0.774,0.348881685,1.07967515,0.693326147,1.293715115
0.775,0.34746483,1.079810485,0.693058213,1.293611468
0.776,0.346046799,1.079945845,0.692789962,1.293507686
0.777,0.344627592,1.080081229,0.692521392,1.29340377
0.778,0.343207209,1.080216636,0.692252504,1.29329972
0.779,0.341785653,1.080352067,0.691983299,1.293195536
0.78,0.340362923,1.080487522,0.691713775,1.293091218
0.781,0.33893902,1.080623,0.691443934,1.292986766
0.782,0.337513945,1.080758502,0.691173774,1.29288218
0.783,0.336087699,1.080894027,0.690903297,1.29277746
0.784,0.334660281,1.081029576,0.690632502,1.292672606
0.785,0.333231694,1.081165147,0.69036139,1.292567618
0.786,0.331801937,1.081300742,0.69008996,1.292462496
0.787,0.330371012,1.08143636,0.689818212,1.292357241
0.788,0.328938918,1.081572,0.689546147,1.292251851
0.789,0.327505658,1.081707663,0.689273764,1.292146328
0.79,0.32607123,1.08184335,0.689001064,1.29204067
0.791,0.324635637,1.081979058,0.688728047,1.291934879
0.792,0.323198879,1.08211479,0.688454713,1.291828954
0.793,0.321760956,1.082250543,0.688181061,1.291722896
0.794,0.320321869,1.082386319,0.687907092,1.291616703
0.795,0.318881619,1.082522118,0.687632805,1.291510377
0.796,0.317440207,1.082657938,0.687358202,1.291403917
0.797,0.315997633,1.082793781,0.687083282,1.291297323
0.798,0.314553898,1.082929646,0.686808045,1.291190595
0.799,0.313109003,1.083065532,0.686532491,1.291083734
0.8,0.311662948,1.083201441,0.686256619,1.290976739
0.801,0.310215734,1.083337371,0.685980432,1.290869611
0.802,0.308767361,1.083473323,0.685703927,1.290762349
0.803,0.307317831,1.083609297,0.685427106,1.290654953
0.804,0.305867144,1.083745292,0.685149968,1.290547423
0.805,0.304415301,1.083881308,0.684872513,1.29043976
0.806,0.302962302,1.084017346,0.684594742,1.290331964
0.807,0.301508149,1.084153405,0.684316654,1.290224034
0.808,0.300052841,1.084289485,0.68403825,1.29011597
0.809,0.298596379,1.084425586,0.68375953,1.290007773
0.81,0.297138765,1.084561709,0.683480493,1.289899442
0.811,0.295679998,1.084697852,0.68320114,1.289790978
0.812,0.29422008,1.084834016,0.682921471,1.28968238
0.813,0.292759011,1.084970201,0.682641485,1.289573649
0.814,0.291296792,1.085106406,0.682361183,1.289464784
0.815,0.289833423,1.085242632,0.682080566,1.289355786
0.816,0.288368905,1.085378879,0.681799632,1.289246655
0.817,0.286903239,1.085515146,0.681518382,1.28913739
0.818,0.285436426,1.085651433,0.681236816,1.289027992
0.819,0.283968466,1.08578774,0.680954935,1.28891846
0.82,0.282499359,1.085924068,0.680672737,1.288808796
0.821,0.281029107,1.086060416,0.680390224,1.288698997
0.822,0.27955771,1.086196784,0.680107395,1.288589066
0.823,0.278085169,1.086333171,0.679824251,1.288479001
0.824,0.276611484,1.086469579,0.67954079,1.288368803
0.825,0.275136657,1.086606006,0.679257015,1.288258472
0.826,0.273660687,1.086742453,0.678972923,1.288148008
0.827,0.272183576,1.08687892,0.678688517,1.28803741
0.828,0.270705323,1.087015406,0.678403794,1.287926679
0.829,0.269225931,1.087151912,0.678118757,1.287815815
0.83,0.267745398,1.087288437,0.677833404,1.287704818
0.831,0.266263727,1.087424981,0.677547736,1.287593688
0.832,0.264780917,1.087561544,0.677261753,1.287482424
0.833,0.26329697,1.087698127,0.676975454,1.287371028
0.834,0.261811886,1.087834729,0.67668884,1.287259498
0.835,0.260325665,1.087971349,0.676401912,1.287147836
0.836,0.258838309,1.088107989,0.676114668,1.28703604
0.837,0.257349817,1.088244647,0.675827109,1.286924111
0.838,0.255860191,1.088381324,0.675539236,1.28681205
0.839,0.254369432,1.08851802,0.675251047,1.286699855
0.84,0.252877539,1.088654734,0.674962544,1.286587527
0.841,0.251384513,1.088791467,0.674673726,1.286475067
0.842,0.249890356,1.088928219,0.674384593,1.286362473
0.843,0.248395067,1.089064988,0.674095146,1.286249747
0.844,0.246898648,1.089201776,0.673805384,1.286136887
0.845,0.245401099,1.089338582,0.673515308,1.286023895
0.846,0.243902421,1.089475407,0.673224916,1.28591077
0.847,0.242402614,1.089612249,0.672934211,1.285797512
0.848,0.240901678,1.089749109,0.672643191,1.285684121
0.849,0.239399616,1.089885988,0.672351857,1.285570598
0.85,0.237896426,1.090022884,0.672060208,1.285456941
0.851,0.236392111,1.090159798,0.671768245,1.285343152
0.852,0.23488667,1.090296729,0.671475968,1.28522923
0.853,0.233380104,1.090433678,0.671183377,1.285115176
0.854,0.231872414,1.090570645,0.670890471,1.285000989
0.855,0.2303636,1.090707629,0.670597252,1.284886669
0.856,0.228853663,1.090844631,0.670303719,1.284772216
0.857,0.227342604,1.09098165,0.670009871,1.284657631
0.858,0.225830423,1.091118686,0.66971571,1.284542913
0.859,0.22431712,1.091255739,0.669421235,1.284428062
0.86,0.222802698,1.091392809,0.669126446,1.284313079
0.861,0.221287155,1.091529897,0.668831343,1.284197963
0.862,0.219770493,1.091667001,0.668535926,1.284082715
0.863,0.218252713,1.091804122,0.668240196,1.283967334
0.864,0.216733814,1.09194126,0.667944152,1.283851821
0.865,0.215213798,1.092078415,0.667647795,1.283736175
0.866,0.213692665,1.092215586,0.667351124,1.283620397
0.867,0.212170416,1.092352775,0.667054139,1.283504486
0.868,0.210647052,1.092489979,0.666756841,1.283388443
0.869,0.209122572,1.0926272,0.66645923,1.283272267
0.87,0.207596979,1.092764438,0.666161306,1.283155959
0.871,0.206070271,1.092901691,0.665863068,1.283039518
0.872,0.20454245,1.093038961,0.665564517,1.282922946
0.873,0.203013517,1.093176247,0.665265652,1.28280624
0.874,0.201483472,1.09331355,0.664966475,1.282689403
0.875,0.199952316,1.093450868,0.664666984,1.282572433
0.876,0.198420049,1.093588202,0.664367181,1.282455331
0.877,0.196886672,1.093725552,0.664067064,1.282338097
0.878,0.195352185,1.093862918,0.663766635,1.28222073
0.879,0.19381659,1.0940003,0.663465892,1.282103231
0.88,0.192279886,1.094137697,0.663164837,1.2819856
0.881,0.190742074,1.09427511,0.662863469,1.281867837
0.882,0.189203156,1.094412539,0.662561788,1.281749941
0.883,0.187663131,1.094549983,0.662259794,1.281631914
0.884,0.186122,1.094687443,0.661957488,1.281513754
0.885,0.184579764,1.094824918,0.661654869,1.281395462
0.886,0.183036424,1.094962408,0.661351938,1.281277038
0.887,0.181491979,1.095099913,0.661048694,1.281158482
0.888,0.179946431,1.095237434,0.660745137,1.281039794
0.889,0.17839978,1.095374969,0.660441268,1.280920974
0.89,0.176852027,1.09551252,0.660137087,1.280802022
0.891,0.175303172,1.095650085,0.659832594,1.280682937
0.892,0.173753216,1.095787666,0.659527788,1.280563721
0.893,0.172202159,1.095925261,0.65922267,1.280444373
0.894,0.170650003,1.096062871,0.658917239,1.280324893
0.895,0.169096747,1.096200496,0.658611497,1.280205281
0.896,0.167542393,1.096338135,0.658305442,1.280085537
0.897,0.16598694,1.096475789,0.657999076,1.279965661
0.898,0.16443039,1.096613457,0.657692397,1.279845654
0.899,0.162872743,1.09675114,0.657385406,1.279725514
0.9,0.161314,1.096888837,0.657078104,1.279605243
0.901,0.15975416,1.097026549,0.65677049,1.27948484
0.902,0.158193226,1.097164275,0.656462563,1.279364305
0.903,0.156631197,1.097302014,0.656154325,1.279243638
0.904,0.155068074,1.097439768,0.655845776,1.279122839
0.905,0.153503858,1.097577536,0.655536914,1.279001909
0.906,0.151938548,1.097715318,0.655227741,1.278880847
0.907,0.150372147,1.097853114,0.654918257,1.278759654
0.908,0.148804653,1.097990924,0.65460846,1.278638329
0.909,0.147236069,1.098128748,0.654298353,1.278516872
0.91,0.145666394,1.098266585,0.653987934,1.278395283
0.911,0.144095629,1.098404436,0.653677203,1.278273563
0.912,0.142523774,1.0985423,0.653366161,1.278151711
0.913,0.140950831,1.098680178,0.653054808,1.278029728
0.914,0.1393768,1.09881807,0.652743144,1.277907613
0.915,0.137801681,1.098955975,0.652431168,1.277785367
0.916,0.136225474,1.099093893,0.652118881,1.277662989
0.917,0.134648182,1.099231825,0.651806283,1.27754048
0.918,0.133069803,1.09936977,0.651493374,1.277417839
0.919,0.131490339,1.099507728,0.651180154,1.277295067
0.92,0.12990979,1.099645699,0.650866623,1.277172163
0.921,0.128328157,1.099783683,0.650552781,1.277049128
0.922,0.12674544,1.09992168,0.650238628,1.276925961
0.923,0.12516164,1.10005969,0.649924164,1.276802663
0.924,0.123576757,1.100197713,0.649609389,1.276679234
0.925,0.121990793,1.100335749,0.649294304,1.276555674
0.926,0.120403747,1.100473797,0.648978907,1.276431982
0.927,0.11881562,1.100611858,0.648663201,1.276308159
0.928,0.117226413,1.100749932,0.648347183,1.276184204
0.929,0.115636126,1.100888018,0.648030855,1.276060118
0.93,0.11404476,1.101026117,0.647714216,1.275935902
0.931,0.112452315,1.101164228,0.647397267,1.275811553
0.932,0.110858793,1.101302352,0.647080008,1.275687074
0.933,0.109264193,1.101440488,0.646762438,1.275562464
0.934,0.107668515,1.101578636,0.646444557,1.275437722
0.935,0.106071762,1.101716797,0.646126367,1.275312849
0.936,0.104473933,1.101854969,0.645807866,1.275187845
0.937,0.102875028,1.101993154,0.645489055,1.275062711
0.938,0.101275049,1.102131351,0.645169933,1.274937445
0.939,0.099673995,1.10226956,0.644850502,1.274812048
0.94,0.098071868,1.10240778,0.64453076,1.274686519
0.941,0.096468668,1.102546013,0.644210708,1.27456086
0.942,0.094864395,1.102684257,0.643890347,1.27443507
0.943,0.093259051,1.102822513,0.643569675,1.274309149
0.944,0.091652635,1.102960781,0.643248693,1.274183097
0.945,0.090045148,1.10309906,0.642927402,1.274056914
0.946,0.088436591,1.103237351,0.6426058,1.273930601
0.947,0.086826964,1.103375653,0.642283889,1.273804156
0.948,0.085216268,1.103513967,0.641961668,1.27367758
0.949,0.083604503,1.103652293,0.641639138,1.273550874
0.95,0.08199167,1.103790629,0.641316298,1.273424037
0.951,0.08037777,1.103928977,0.640993148,1.273297069
0.952,0.078762802,1.104067337,0.640669688,1.27316997
0.953,0.077146768,1.104205707,0.640345919,1.273042741
0.954,0.075529668,1.104344088,0.640021841,1.27291538
0.955,0.073911503,1.104482481,0.639697453,1.272787889
0.956,0.072292273,1.104620885,0.639372756,1.272660268
0.957,0.070671978,1.104759299,0.639047749,1.272532515
0.958,0.06905062,1.104897725,0.638722433,1.272404632
0.959,0.067428198,1.105036161,0.638396808,1.272276619
0.96,0.065804714,1.105174608,0.638070873,1.272148474
0.961,0.064180168,1.105313066,0.637744629,1.272020199
0.962,0.062554559,1.105451534,0.637418077,1.271891794
0.963,0.06092789,1.105590014,0.637091215,1.271763258
0.964,0.059300161,1.105728503,0.636764044,1.271634591
0.965,0.057671371,1.105867004,0.636436564,1.271505794
0.966,0.056041521,1.106005514,0.636108775,1.271376867
0.967,0.054410613,1.106144035,0.635780677,1.271247809
0.968,0.052778646,1.106282567,0.63545227,1.27111862
0.969,0.051145622,1.106421109,0.635123554,1.270989301
0.97,0.04951154,1.106559661,0.63479453,1.270859852
0.971,0.047876401,1.106698223,0.634465197,1.270730273
0.972,0.046240206,1.106836796,0.634135555,1.270600562
0.973,0.044602955,1.106975378,0.633805604,1.270470722
0.974,0.042964649,1.107113971,0.633475345,1.270340751
0.975,0.041325288,1.107252573,0.633144777,1.27021065
0.976,0.039684873,1.107391186,0.632813901,1.270080419
0.977,0.038043404,1.107529808,0.632482716,1.269950058
0.978,0.036400882,1.10766844,0.632151223,1.269819566
0.979,0.034757307,1.107807082,0.631819421,1.269688944
0.98,0.03311268,1.107945734,0.631487311,1.269558191
0.981,0.031467002,1.108084396,0.631154893,1.269427309
0.982,0.029820273,1.108223067,0.630822166,1.269296297
0.983,0.028172493,1.108361747,0.630489131,1.269165154
0.984,0.026523663,1.108500437,0.630155788,1.269033881
0.985,0.024873783,1.108639137,0.629822136,1.268902478
0.986,0.023222855,1.108777846,0.629488177,1.268770945
0.987,0.021570878,1.108916565,0.629153909,1.268639282
0.988,0.019917853,1.109055292,0.628819333,1.268507489
0.989,0.01826378,1.109194029,0.62848445,1.268375566
0.99,0.016608661,1.109332776,0.628149258,1.268243513
0.991,0.014952495,1.109471531,0.627813759,1.26811133
0.992,0.013295284,1.109610296,0.627477951,1.267979017
0.993,0.011637027,1.109749069,0.627141836,1.267846574
0.994,0.009977725,1.109887852,0.626805413,1.267714001
0.995,0.008317379,1.110026644,0.626468682,1.267581299
0.996,0.006655989,1.110165444,0.626131644,1.267448466
0.997,0.004993555,1.110304254,0.625794297,1.267315504
0.998,0.003330079,1.110443072,0.625456644,1.267182412
0.999,0.00166556,1.110581899,0.625118682,1.26704919
1,0,1.110720735,0.624780413,1.266915968
